Workbook

Sheet Overview
A1: DATA CLEANING AND EDA
A3: OVERVIEW
A4: This workbook contains a messy customer purchase dataset with:
A5: • Missing values (15% across multiple columns)
A6: • Duplicate rows (10 duplicates)
A7: • Inconsistent data formats (dates, gender, city, product categories)
A8: • Outliers in purchase amounts
A9: Total Records: 210 rows | Total Columns: 11
A11: TASK 1: DATA CLEANING AND PREPROCESSING
A12: 1."Raw_Data" sheet containing data and used to examine the dataset
A13: 2.Using Excel formulas to count blanks: =COUNTBLANK(range)
A14: Options: Delete rows with CTRL+- or fill with median/mode (only if data is not needed)
... A43: • Clear understanding of data distributions and relationships

Sheet Data_Dictionary
A1: DATA DICTIONARY
A2: Column Name | B2: Data Type | C2: Description | D2: Issues to Fix
A3: CustomerID | B3: Integer | C3: Unique customer identifier | D3: None
A4: Name | B4: Text | C4: Customer name | D4: None
A5: Age | B5: Integer | C5: Customer age (18-75 years) | D5: ~15% missing values
A6: Gender | B6: Category | C6: Customer gender | D6: Inconsistent values: Male/Female/M/F/male/MALE + missing
A7: City | B7: Category | C7: Customer city | D7: Inconsistent capitalization
A8: PurchaseDate | B8: Date | C8: Date of purchase | D8: Multiple date formats (YYYY-MM-DD, MM/DD/YYYY, etc.)
A9: ProductCategory | B9: Category | C9: Product category purchased | D9: Inconsistent capitalization
A10: PurchaseAmount | B10: Float | C10: Purchase amount in dollars | D10: ~15% missing + outliers present
A11: Quantity | B11: Integer | C11: Quantity purchased (1-10) | D11: None
A12: CustomerSatisfaction | B12: Integer | C12: Rating 1-5 (1=poor, 5=excellent) | D12: ~15% missing values
A13: DeliveryTime | B13: Integer | C13: Delivery time in days (1-15) | D13: ~14% missing values

Sheet Cleaned_data
A1: CustomerID | B1: Name | C1: Age | D1: Gender | E1: City | F1: PurchaseDate | G1: ProductCategory | H1: PurchaseAmount | I1: Quantity | J1: Unit Price | K1: CustomerSatisfaction | L1: DeliveryTime
A2: 1 | B2: Customer_1 | C2: 56 | D2: Male | E2: Chicago | F2: 45254 | G2: Electronics | H2: 86.96 | I2: 5 | J2: =H2/I2 -> 17.392 | K2: 0 | L2: 8
A3: 2 | B3: Customer_2 | C3: 69 | D3: Male | E3: New York | F3: 44939 | G3: Books | H3: 974.65 | I3: 4 | J3: =H3/I3 -> 243.6625 | K3: 4 | L3: 2
A4: 3 | B4: Customer_3 | C4: 46 | D4: Male | E4: Chicago | F4: 45082 | G4: Clothing | H4: 986.35 | I4: 3 | J4: =H4/I4 -> 328.78333 | K4: 1 | L4: 11
A5: 4 | B5: Customer_4 | C5: 32 | D5: Female | E5: Los Angeles | F5: 44998 | G5: Clothing | H5: 701.18 | I5: 1 | J5: =H5/I5 -> 701.18 | K5: 5 | L5: 7
A6: 5 | B6: Customer_5 | C6: 43.5 | D6: Female | E6: New York | F6: 45273 | G6: Electronics | H6: 540.74 | I6: 6 | J6: =H6/I6 -> 90.123333 | K6: 3 | L6: 13
A7: 6 | B7: Customer_6 | C7: 25 | D7: Male | E7: Los Angeles | F7: 45229 | G7: Food | H7: 654.16747 | I7: 2 | J7: =H7/I7 -> 327.08374 | K7: 2 | L7: 7.9588235
A8: 7 | B8: Customer_7 | C8: 38 | D8: Male | E8: Chicago | F8: 44943 | G8: Clothing | H8: 654.16747 | I8: 8 | J8: =H8/I8 -> 81.770934 | K8: 2 | L8: 14
A9: 8 | B9: Customer_8 | C9: 56 | D9: Male | E9: New York | F9: 02/17/2023 | G9: Food | H9: 687.88 | I9: 5 | J9: =H9/I9 -> 137.576 | K9: 3 | L9: 4
A10: 9 | B10: Customer_9 | C10: 36 | D10: Male | E10: Los Angeles | F10: 45046 | G10: Electronics | H10: 170.99 | I10: 7 | J10: =H10/I10 -> 24.427143 | K10: 2 | L10: 7
A11: 10 | B11: Customer_10 | C11: 43.5 | D11: Male | E11: Chicago | F11: 10/15/2023 | G11: Clothing | H11: 654.16747 | I11: 2 | J11: =H11/I11 -> 327.08374 | K11: 4 | L11: 3
A12: 11 | B12: Customer_11 | C12: 28 | D12: Male | E12: New York | F12: 45259 | G12: Electronics | H12: 824.31 | I12: 8 | J12: =H12/I12 -> 103.03875 | K12: 1 | L12: 2
A13: 12 | B13: Customer_12 | C13: 28 | D13: Male | E13: Los Angeles | F13: 45039 | G13: Clothing | H13: 950.3 | I13: 2 | J13: =H13/I13 -> 475.15 | K13: 4 | L13: 11
A14: 13 | B14: Customer_13 | C14: 41 | D14: Not specified | E14: Chicago | F14: 45228 | G14: Clothing | H14: 728.46 | I14: 4 | J14: =H14/I14 -> 182.115 | K14: 2 | L14: 10
A15: 14 | B15: Customer_14 | C15: 70 | D15: Female | E15: New York | F15: 45017 | G15: Clothing | H15: 617.28 | I15: 1 | J15: =H15/I15 -> 617.28 | K15: 5 | L15: 7
A16: 15 | B16: Customer_15 | C16: 53 | D16: Male | E16: Chicago | F16: 45284 | G16: Clothing | H16: 424.06 | I16: 5 | J16: =H16/I16 -> 84.812 | K16: 1 | L16: 1
A17: 16 | B17: Customer_16 | C17: 57 | D17: Male | E17: Los Angeles | F17: 45101 | G17: Clothing | H17: 933.4 | I17: 9 | J17: =H17/I17 -> 103.71111 | K17: 1 | L17: 7.9588235
A18: 17 | B18: Customer_17 | C18: 41 | D18: Male | E18: Chicago | F18: 03/21/2023 | G18: Food | H18: 654.16747 | I18: 1 | J18: =H18/I18 -> 654.16747 | K18: 3 | L18: 8
A19: 18 | B19: Customer_18 | C19: 20 | D19: Male | E19: Chicago | F19: 45099 | G19: Electronics | H19: 54.77 | I19: 9 | J19: =H19/I19 -> 6.0855556 | K19: 3 | L19: 3
A20: 19 | B20: Customer_19 | C20: 39 | D20: Not specified | E20: Los Angeles | F20: 44974 | G20: Books | H20: 36.1 | I20: 8 | J20: =H20/I20 -> 4.5125 | K20: 5 | L20: 12
A21: 20 | B21: Customer_20 | C21: 70 | D21: Male | E21: Los Angeles | F21: 44976 | G21: Clothing | H21: 382.7 | I21: 6 | J21: =H21/I21 -> 63.783333 | K21: 0 | L21: 12
A22: 21 | B22: Customer_21 | C22: 19 | D22: Male | E22: Los Angeles | F22: 45103 | G22: Electronics | H22: 812.45 | I22: 7 | J22: =H22/I22 -> 116.06429 | K22: 5 | L22: 13
A23: 22 | B23: Customer_22 | C23: 41 | D23: Male | E23: New York | F23: 44949 | G23: Clothing | H23: 987.4 | I23: 3 | J23: =H23/I23 -> 329.13333 | K23: 3 | L23: 7.9588235
A24: 23 | B24: Customer_23 | C24: 61 | D24: Male | E24: New York | F24: 45201 | G24: Electronics | H24: 158.91 | I24: 1 | J24: =H24/I24 -> 158.91 | K24: 3 | L24: 7.9588235
A25: 24 | B25: Customer_24 | C25: 47 | D25: Male | E25: New York | F25: 45120 | G25: Food | H25: 654.16747 | I25: 5 | J25: =H25/I25 -> 130.83349 | K25: 1 | L25: 5
A26: 25 | B26: Customer_25 | C26: 55 | D26: Female | E26: Chicago | F26: 45209 | G26: Electronics | H26: 387.08 | I26: 2 | J26: =H26/I26 -> 193.54 | K26: 0 | L26: 11
A27: 26 | B27: Customer_26 | C27: 19 | D27: Female | E27: New York | F27: 45248 | G27: Books | H27: 970.22 | I27: 5 | J27: =H27/I27 -> 194.044 | K27: 2 | L27: 8
A28: 27 | B28: Customer_27 | C28: 38 | D28: Not specified | E28: Chicago | F28: 10/23/2023 | G28: Electronics | H28: 843.7 | I28: 8 | J28: =H28/I28 -> 105.4625 | K28: 3 | L28: 7.9588235
A29: 28 | B29: Customer_28 | C29: 50 | D29: Male | E29: Phoenix | F29: 45287 | G29: Electronics | H29: 839.95 | I29: 9 | J29: =H29/I29 -> 93.327778 | K29: 0 | L29: 7
A30: 29 | B30: Customer_29 | C30: 29 | D30: Not specified | E30: Los Angeles | F30: 01/24/2023 | G30: Electronics | H30: 474.01 | I30: 2 | J30: =H30/I30 -> 237.005 | K30: 0 | L30: 7
A31: 30 | B31: Customer_30 | C31: 39 | D31: Not specified | E31: Chicago | F31: 45075 | G31: Electronics | H31: 420.67 | I31: 3 | J31: =H31/I31 -> 140.22333 | K31: 4 | L31: 12
A32: 31 | B32: Customer_31 | C32: 61 | D32: Male | E32: Los Angeles | F32: 45046 | G32: Books | H32: 280.67 | I32: 3 | J32: =H32/I32 -> 93.556667 | K32: 5 | L32: 7
A33: 32 | B33: Customer_32 | C33: 42 | D33: Male | E33: Chicago | F33: 45121 | G33: Clothing | H33: 654.16747 | I33: 1 | J33: =H33/I33 -> 654.16747 | K33: 5 | L33: 8
A34: 33 | B34: Customer_33 | C34: 66 | D34: Male | E34: Los Angeles | F34: 45159 | G34: Electronics | H34: 866.08 | I34: 8 | J34: =H34/I34 -> 108.26 | K34: 2 | L34: 7.9588235
A35: 34 | B35: Customer_34 | C35: 44 | D35: Female | E35: New York | F35: 45010 | G35: Electronics | H35: 814.77 | I35: 6 | J35: =H35/I35 -> 135.795 | K35: 0 | L35: 4
A36: 35 | B36: Customer_35 | C36: 59 | D36: Female | E36: Phoenix | F36: 44933 | G36: Food | H36: 999.72 | I36: 8 | J36: =H36/I36 -> 124.965 | K36: 1 | L36: 7.9588235
A37: 36 | B37: Customer_36 | C37: 45 | D37: Female | E37: Houston | F37: 45270 | G37: Electronics | H37: 996.67 | I37: 9 | J37: =H37/I37 -> 110.74111 | K37: 5 | L37: 6
A38: 37 | B38: Customer_37 | C38: 33 | D38: Male | E38: Los Angeles | F38: 45286 | G38: Food | H38: 559.88 | I38: 5 | J38: =H38/I38 -> 111.976 | K38: 3 | L38: 7.9588235
A39: 38 | B39: Customer_38 | C39: 32 | D39: Female | E39: Chicago | F39: 45149 | G39: Books | H39: 771.3 | I39: 3 | J39: =H39/I39 -> 257.1 | K39: 5 | L39: 13
A40: 39 | B40: Customer_39 | C40: 64 | D40: Male | E40: New York | F40: 44936 | G40: Clothing | H40: 945.32 | I40: 5 | J40: =H40/I40 -> 189.064 | K40: 0 | L40: 7.9588235
A41: 40 | B41: Customer_40 | C41: 68 | D41: Male | E41: Houston | F41: 45010 | G41: Electronics | H41: 654.16747 | I41: 5 | J41: =H41/I41 -> 130.83349 | K41: 4 | L41: 1
A42: 41 | B42: Customer_41 | C42: 61 | D42: Male | E42: Phoenix | F42: 45121 | G42: Clothing | H42: 654.16747 | I42: 5 | J42: =H42/I42 -> 130.83349 | K42: 0 | L42: 13
A43: 42 | B43: Customer_42 | C43: 43.5 | D43: Male | E43: Houston | F43: 11/24/2023 | G43: Electronics | H43: 654.16747 | I43: 3 | J43: =H43/I43 -> 218.05582 | K43: 4 | L43: 10
A44: 43 | B44: Customer_43 | C44: 43.5 | D44: Not specified | E44: New York | F44: 45277 | G44: Books | H44: 137.87 | I44: 4 | J44: =H44/I44 -> 34.4675 | K44: 2 | L44: 12
A45: 44 | B45: Customer_44 | C45: 74 | D45: Male | E45: New York | F45: 01/29/2023 | G45: Electronics | H45: 954.51 | I45: 9 | J45: =H45/I45 -> 106.05667 | K45: 2 | L45: 14
A46: 45 | B46: Customer_45 | C46: 20 | D46: Male | E46: New York | F46: 44943 | G46: Electronics | H46: 610.11 | I46: 9 | J46: =H46/I46 -> 67.79 | K46: 1 | L46: 2
A47: 46 | B47: Customer_46 | C47: 54 | D47: Female | E47: Houston | F47: 45132 | G47: Electronics | H47: 236.36 | I47: 2 | J47: =H47/I47 -> 118.18 | K47: 5 | L47: 7
A48: 47 | B48: Customer_47 | C48: 68 | D48: Female | E48: Chicago | F48: 44987 | G48: Food | H48: 674.98 | I48: 8 | J48: =H48/I48 -> 84.3725 | K48: 4 | L48: 7.9588235
A49: 48 | B49: Customer_48 | C49: 24 | D49: Not specified | E49: Chicago | F49: 45217 | G49: Electronics | H49: 621.95 | I49: 8 | J49: =H49/I49 -> 77.74375 | K49: 0 | L49: 10
A50: 49 | B50: Customer_49 | C50: 38 | D50: Male | E50: Chicago | F50: 45035 | G50: Clothing | H50: 364.58 | I50: 7 | J50: =H50/I50 -> 52.082857 | K50: 2 | L50: 2
A51: 50 | B51: Customer_50 | C51: 26 | D51: Male | E51: Houston | F51: 45129 | G51: Electronics | H51: 122.42 | I51: 8 | J51: =H51/I51 -> 15.3025 | K51: 2 | L51: 14
A52: 51 | B52: Customer_51 | C52: 56 | D52: Male | E52: Los Angeles | F52: 45000 | G52: Electronics | H52: 674.86 | I52: 3 | J52: =H52/I52 -> 224.95333 | K52: 3 | L52: 11
A53: 52 | B53: Customer_52 | C53: 35 | D53: Male | E53: Los Angeles | F53: 03/13/2023 | G53: Clothing | H53: 525.1 | I53: 6 | J53: =H53/I53 -> 87.516667 | K53: 4 | L53: 7
A54: 53 | B54: Customer_53 | C54: 21 | D54: Male | E54: Chicago | F54: 45214 | G54: Books | H54: 774.6 | I54: 1 | J54: =H54/I54 -> 774.6 | K54: 0 | L54: 7.9588235
A55: 54 | B55: Customer_54 | C55: 42 | D55: Male | E55: Chicago | F55: 45226 | G55: Electronics | H55: 524.96 | I55: 7 | J55: =H55/I55 -> 74.994286 | K55: 5 | L55: 13
A56: 55 | B56: Customer_55 | C56: 31 | D56: Female | E56: New York | F56: 45225 | G56: Clothing | H56: 5397.03 | I56: 1 | J56: =H56/I56 -> 5397.03 | K56: 5 | L56: 2
A57: 56 | B57: Customer_56 | C57: 67 | D57: Male | E57: Chicago | F57: 45053 | G57: Electronics | H57: 654.16747 | I57: 9 | J57: =H57/I57 -> 72.685275 | K57: 1 | L57: 3
A58: 57 | B58: Customer_57 | C58: 26 | D58: Not specified | E58: New York | F58: 44997 | G58: Food | H58: 565.33 | I58: 1 | J58: =H58/I58 -> 565.33 | K58: 2 | L58: 7.9588235
A59: 58 | B59: Customer_58 | C59: 43 | D59: Female | E59: Los Angeles | F59: 44973 | G59: Food | H59: 877.89 | I59: 1 | J59: =H59/I59 -> 877.89 | K59: 5 | L59: 7
A60: 59 | B60: Customer_59 | C60: 70 | D60: Male | E60: Chicago | F60: 02/26/2023 | G60: Electronics | H60: 409.45 | I60: 7 | J60: =H60/I60 -> 58.492857 | K60: 4 | L60: 14
A61: 60 | B61: Customer_60 | C61: 19 | D61: Female | E61: New York | F61: 11/18/2023 | G61: Books | H61: 142.68 | I61: 2 | J61: =H61/I61 -> 71.34 | K61: 3 | L61: 4
A62: 61 | B62: Customer_61 | C62: 37 | D62: Male | E62: Phoenix | F62: 45275 | G62: Books | H62: 654.16747 | I62: 5 | J62: =H62/I62 -> 130.83349 | K62: 0 | L62: 7.9588235
A63: 62 | B63: Customer_62 | C63: 45 | D63: Male | E63: New York | F63: 45232 | G63: Electronics | H63: 757.59 | I63: 8 | J63: =H63/I63 -> 94.69875 | K63: 2 | L63: 14
A64: 63 | B64: Customer_63 | C64: 64 | D64: Male | E64: Los Angeles | F64: 45124 | G64: Electronics | H64: 624.11 | I64: 8 | J64: =H64/I64 -> 78.01375 | K64: 0 | L64: 1
A65: 64 | B65: Customer_64 | C65: 24 | D65: Male | E65: Los Angeles | F65: 45232 | G65: Food | H65: 654.16747 | I65: 3 | J65: =H65/I65 -> 218.05582 | K65: 1 | L65: 13
A66: 65 | B66: Customer_65 | C66: 61 | D66: Male | E66: New York | F66: 45197 | G66: Books | H66: 220.83 | I66: 7 | J66: =H66/I66 -> 31.547143 | K66: 2 | L66: 14
A67: 66 | B67: Customer_66 | C67: 43.5 | D67: Female | E67: New York | F67: 45210 | G67: Electronics | H67: 145.01 | I67: 3 | J67: =H67/I67 -> 48.336667 | K67: 3 | L67: 7.9588235
A68: 67 | B68: Customer_67 | C68: 64 | D68: Not specified | E68: Houston | F68: 45275 | G68: Books | H68: 24.4 | I68: 6 | J68: =H68/I68 -> 4.0666667 | K68: 1 | L68: 12
A69: 68 | B69: Customer_68 | C69: 52 | D69: Not specified | E69: Los Angeles | F69: 45276 | G69: Clothing | H69: 357.08 | I69: 6 | J69: =H69/I69 -> 59.513333 | K69: 2 | L69: 9
A70: 69 | B70: Customer_69 | C70: 31 | D70: Not specified | E70: New York | F70: 45255 | G70: Books | H70: 594.02 | I70: 3 | J70: =H70/I70 -> 198.00667 | K70: 3 | L70: 8
A71: 70 | B71: Customer_70 | C71: 34 | D71: Male | E71: Chicago | F71: 44984 | G71: Food | H71: 398.32 | I71: 7 | J71: =H71/I71 -> 56.902857 | K71: 1 | L71: 12
A72: 71 | B72: Customer_71 | C72: 43.5 | D72: Not specified | E72: New York | F72: 45238 | G72: Clothing | H72: 443.1 | I72: 3 | J72: =H72/I72 -> 147.7 | K72: 1 | L72: 9
A73: 72 | B73: Customer_72 | C73: 43.5 | D73: Male | E73: Chicago | F73: 45159 | G73: Electronics | H73: 905.12 | I73: 8 | J73: =H73/I73 -> 113.14 | K73: 2 | L73: 10
A74: 73 | B74: Customer_73 | C74: 57 | D74: Female | E74: Houston | F74: 05/15/2023 | G74: Electronics | H74: 354.77 | I74: 4 | J74: =H74/I74 -> 88.6925 | K74: 5 | L74: 14
A75: 74 | B75: Customer_74 | C75: 21 | D75: Male | E75: Phoenix | F75: 45186 | G75: Food | H75: 518.85 | I75: 1 | J75: =H75/I75 -> 518.85 | K75: 0 | L75: 9
A76: 75 | B76: Customer_75 | C76: 19 | D76: Male | E76: New York | F76: 45247 | G76: Books | H76: 785.82 | I76: 4 | J76: =H76/I76 -> 196.455 | K76: 0 | L76: 7
A77: 76 | B77: Customer_76 | C77: 23 | D77: Male | E77: Phoenix | F77: 11/24/2023 | G77: Electronics | H77: 402.58 | I77: 7 | J77: =H77/I77 -> 57.511429 | K77: 3 | L77: 4
A78: 77 | B78: Customer_77 | C78: 71 | D78: Male | E78: Houston | F78: 45005 | G78: Books | H78: 625.87 | I78: 4 | J78: =H78/I78 -> 156.4675 | K78: 4 | L78: 7.9588235
A79: 78 | B79: Customer_78 | C79: 59 | D79: Female | E79: Houston | F79: 45009 | G79: Food | H79: 863.74 | I79: 6 | J79: =H79/I79 -> 143.95667 | K79: 2 | L79: 1
A80: 79 | B80: Customer_79 | C80: 21 | D80: Female | E80: Houston | F80: 45233 | G80: Electronics | H80: 950.03 | I80: 9 | J80: =H80/I80 -> 105.55889 | K80: 2 | L80: 14
A81: 80 | B81: Customer_80 | C81: 71 | D81: Male | E81: Phoenix | F81: 45177 | G81: Books | H81: 155.6 | I81: 1 | J81: =H81/I81 -> 155.6 | K81: 5 | L81: 1
A82: 81 | B82: Customer_81 | C82: 46 | D82: Female | E82: Chicago | F82: 44984 | G82: Electronics | H82: 927.32 | I82: 5 | J82: =H82/I82 -> 185.464 | K82: 5 | L82: 3
A83: 82 | B83: Customer_82 | C83: 35 | D83: Male | E83: Houston | F83: 45113 | G83: Electronics | H83: 497.2 | I83: 7 | J83: =H83/I83 -> 71.028571 | K83: 0 | L83: 13
A84: 83 | B84: Customer_83 | C84: 43.5 | D84: Female | E84: New York | F84: 01/30/2023 | G84: Electronics | H84: 265.66 | I84: 1 | J84: =H84/I84 -> 265.66 | K84: 5 | L84: 14
A85: 84 | B85: Customer_84 | C85: 61 | D85: Male | E85: Phoenix | F85: 45217 | G85: Electronics | H85: 464.54 | I85: 4 | J85: =H85/I85 -> 116.135 | K85: 3 | L85: 7.9588235
A86: 85 | B86: Customer_85 | C86: 51 | D86: Male | E86: Houston | F86: 44970 | G86: Clothing | H86: 980.23 | I86: 6 | J86: =H86/I86 -> 163.37167 | K86: 2 | L86: 7.9588235
A87: 86 | B87: Customer_86 | C87: 43.5 | D87: Female | E87: New York | F87: 45048 | G87: Clothing | H87: 497.69 | I87: 2 | J87: =H87/I87 -> 248.845 | K87: 5 | L87: 2
A88: 87 | B88: Customer_87 | C88: 53 | D88: Female | E88: Chicago | F88: 44992 | G88: Clothing | H88: 335.46 | I88: 5 | J88: =H88/I88 -> 67.092 | K88: 2 | L88: 4
A89: 88 | B89: Customer_88 | C89: 31 | D89: Not specified | E89: Chicago | F89: 45179 | G89: Clothing | H89: 637.07 | I89: 1 | J89: =H89/I89 -> 637.07 | K89: 0 | L89: 2
A90: 89 | B90: Customer_89 | C90: 48 | D90: Not specified | E90: Chicago | F90: 45062 | G90: Electronics | H90: 247.74 | I90: 6 | J90: =H90/I90 -> 41.29 | K90: 1 | L90: 14
A91: 90 | B91: Customer_90 | C91: 43.5 | D91: Female | E91: Houston | F91: 04/19/2023 | G91: Food | H91: 85.1 | I91: 6 | J91: =H91/I91 -> 14.183333 | K91: 2 | L91: 5
A92: 91 | B92: Customer_91 | C92: 32 | D92: Male | E92: Phoenix | F92: 45292 | G92: Electronics | H92: 7637 | I92: 4 | J92: =H92/I92 -> 1909.25 | K92: 1 | L92: 7.9588235
A93: 92 | B93: Customer_92 | C93: 25 | D93: Male | E93: Los Angeles | F93: 45131 | G93: Food | H93: 136.77 | I93: 8 | J93: =H93/I93 -> 17.09625 | K93: 5 | L93: 1
A94: 93 | B94: Customer_93 | C94: 31 | D94: Female | E94: Houston | F94: 45151 | G94: Food | H94: 160.38 | I94: 4 | J94: =H94/I94 -> 40.095 | K94: 1 | L94: 5
A95: 94 | B95: Customer_94 | C95: 40 | D95: Male | E95: Los Angeles | F95: 44988 | G95: Clothing | H95: 147.44 | I95: 8 | J95: =H95/I95 -> 18.43 | K95: 2 | L95: 14
A96: 95 | B96: Customer_95 | C96: 74 | D96: Male | E96: New York | F96: 45042 | G96: Books | H96: 644.47 | I96: 8 | J96: =H96/I96 -> 80.55875 | K96: 4 | L96: 9
A97: 96 | B97: Customer_96 | C97: 57 | D97: Female | E97: Chicago | F97: 45100 | G97: Electronics | H97: 190.06 | I97: 5 | J97: =H97/I97 -> 38.012 | K97: 5 | L97: 1
A98: 97 | B98: Customer_97 | C98: 38 | D98: Male | E98: New York | F98: 10/29/2023 | G98: Clothing | H98: 654.16747 | I98: 4 | J98: =H98/I98 -> 163.54187 | K98: 2 | L98: 9
A99: 98 | B99: Customer_98 | C99: 33 | D99: Female | E99: Chicago | F99: 10/29/2023 | G99: Clothing | H99: 897.82 | I99: 2 | J99: =H99/I99 -> 448.91 | K99: 5 | L99: 8
A100: 99 | B100: Customer_99 | C100: 62 | D100: Male | E100: Chicago | F100: 44930 | G100: Books | H100: 479.22 | I100: 3 | J100: =H100/I100 -> 159.74 | K100: 3 | L100: 4
...

Sheet Analysis
A1: SUMMARY STATISTICS
A3: Stastistic | B3: Age | C3: Purchase amount | D3: Quantity | E3: Delivery time
A4: Mean (Average) | B4: =AVERAGE(Cleaned_data!C2:C201) -> 44.42 | C4: =AVERAGE(Cleaned_data!H2:H201) -> 654.16747 | D4: =AVERAGE(Cleaned_data!I2:I201) -> 4.955 | E4: =AVERAGE(Cleaned_data!L2:L201) -> 7.9588235
A5: Std Dev | B5: =_xlfn.STDEV.S(Cleaned_data!C2:C201) -> 14.960118 | C5: =_xlfn.STDEV.S(Cleaned_data!H2:H201) -> 1075.4841 | D5: =_xlfn.STDEV.S(Cleaned_data!I2:I201) -> 2.6205556 | E5: =_xlfn.STDEV.S(Cleaned_data!L2:L201) -> 3.7755573
A6: Min | B6: =MIN(Cleaned_data!C2:C201) -> 18 | C6: =MIN(Cleaned_data!H2:H201) -> 24.4 | D6: =MIN(Cleaned_data!I2:I201) -> 1 | E6: =MIN(Cleaned_data!L2:L201) -> 1
A7: Max | B7: =MAX(Cleaned_data!C2:C201) -> 74 | C7: =MAX(Cleaned_data!H2:H201) -> 9451.29 | D7: =MAX(Cleaned_data!I2:I201) -> 9 | E7: =MAX(Cleaned_data!L2:L201) -> 14
A9: FREQUENCY DISTRIBUTION
A11: Customer_ID | B11: Product Category
A12: Gender | B12: Books | C12: Clothing | D12: Electronics | E12: Food | F12: Grand Total
A13: Female | B13: 5 | C13: 12 | D13: 20 | E13: 10 | F13: 47
A14: Male | B14: 24 | C14: 37 | D14: 47 | E14: 15 | F14: 123
A15: Not specified | B15: 9 | C15: 8 | D15: 10 | E15: 3 | F15: 30
A16: Grand Total | B16: 38 | C16: 57 | D16: 77 | E16: 28 | F16: 200

Sheet Key_Visuals
M18: Category | N18: Average Amount
M19: Electronics | N19: =AVERAGEIF(Cleaned_data!G:G,"Electronics",Cleaned_data!H:H) -> 722.29321
M20: Books | N20: =AVERAGEIF(Cleaned_data!G:G,"Books",Cleaned_data!H:H) -> 658.26131
M21: Clothing | N21: =AVERAGEIF(Cleaned_data!G:G,"Clothing",Cleaned_data!H:H) -> 624.03197
M22: Food | N22: =AVERAGEIF(Cleaned_data!G:G,"Food",Cleaned_data!H:H) -> 522.61303
